{"cameraMode":{"drawMode":0,"name":"Shaded","section":"Shading Mode"},"sceneLighting":false,"audioPlay":false,"sceneViewState":{"showFog":true,"showMaterialUpdate":false,"showSkybox":true,"showFlares":true,"showImageEffects":true,"showParticleSystems":true},"in2DMode":false,"pivot":{"x":-0.015545368194580078,"y":3.762258529663086,"z":-0.7536377906799316},"rotation":{"x":-0.009715714491903782,"y":0.9646053314208984,"z":-0.2610621750354767,"w":-0.035899002104997638},"size":27.56123161315918,"orthographic":false}