{"cameraMode":{"drawMode":0,"name":"Shaded","section":"Shading Mode"},"sceneLighting":true,"audioPlay":false,"sceneViewState":{"showFog":true,"showMaterialUpdate":false,"showSkybox":true,"showFlares":true,"showImageEffects":true,"showParticleSystems":true},"in2DMode":false,"pivot":{"x":95.70997619628906,"y":-61.40730285644531,"z":78.00135803222656},"rotation":{"x":-0.608314037322998,"y":0.1308908313512802,"z":-0.10261519253253937,"w":-0.7760746479034424},"size":195.85391235351563,"orthographic":false}